TheRowsAre,Legend,Cusparse,Global,Shared,MySparse
Bandwidth,Rows,Columns,NonZeros
0.088000,1138,1138,2596
0.194093,1138,1138,2596
0.266256,1138,1138,2596
0.112259,1138,1138,2596
