TheRowsAre,Legend,Cusparse,Global,Shared,MySparse
Bandwidth,Rows,Columns,NonZeros
13.679059,1690,860,18391
104.749548,1690,860,18391
126.382606,1690,860,18391
37.997385,1690,860,18391
