InOrder,Legend,Cusparse,Global,Shared,Sparse
Bandwidth,Rows,Columns,NonZeros
1.009781,1138,1138,2596
60.943247,1138,1138,2596
102.577745,1138,1138,2596
16.137620,1138,1138,2596
