TheRowsAre,Legend,Cusparse,Global,Shared,MySparse
Bandwidth,Rows,Columns,NonZeros
1.889680,1690,860,18391
103.814284,1690,860,18391
141.795124,1690,860,18391
77.001324,1690,860,18391
