TheRowsAre,Legend,Cusparse,Global,Shared,MySparse
Bandwidth,Rows,Columns,NonZeros
0.090805,1388,390,11816
0.859345,1388,390,11816
1.074182,1388,390,11816
0.656444,1388,390,11816
