TheRowsAre,Legend,Cusparse,Global,Shared,MySparse
Bandwidth,Rows,Columns,NonZeros
4694.614508,30237,30237,740200
31526.763663,30237,30237,740200
25134.739702,30237,30237,740200
4172.395617,30237,30237,740200
