InOrder,Legend,Cusparse,Global,Shared,Sparse
Bandwidth,Rows,Columns,NonZeros
7.428062,1388,390,11816
34.923871,1388,390,11816
68.739048,1388,390,11816
9.864601,1388,390,11816
