TheRowsAre,Legend,Cusparse,Global,Shared,MySparse
Bandwidth,Rows,Columns,NonZeros
25.264236,1668,1668,6209
209.979171,1668,1668,6209
176.649144,1668,1668,6209
134.083086,1668,1668,6209
