TheRowsAre,Legend,Cusparse,Global,Shared,MySparse
Bandwidth,Rows,Columns,NonZeros
745.839295,11445,11445,93781
6128.094487,11445,11445,93781
6760.672191,11445,11445,93781
1525.333641,11445,11445,93781
