TheRowsAre,Legend,Cusparse,Global,Shared,MySparse
Bandwidth,Rows,Columns,NonZeros
1.681162,10974,10974,219812
10.657551,10974,10974,219812
14.296715,10974,10974,219812
2.537512,10974,10974,219812
