TheRowsAre,Legend,Cusparse,Global,Shared,MySparse
Bandwidth,Rows,Columns,NonZeros
0.136104,1690,860,18391
1.375028,1690,860,18391
1.653124,1690,860,18391
0.505594,1690,860,18391
