InOrder,Legend,Cusparse,Global,Shared,Sparse
Bandwidth,Rows,Columns,NonZeros
29.679892,1282,1282,15963
94.591312,1282,1282,15963
166.432815,1282,1282,15963
23.520916,1282,1282,15963
