TheRowsAre,Legend,Cusparse,Global,Shared,MySparse
Bandwidth,Rows,Columns,NonZeros
0.529089,11445,11445,93781
3.867258,11445,11445,93781
5.001653,11445,11445,93781
1.095253,11445,11445,93781
