TheRowsAre,Legend,Cusparse,Global,Shared,MySparse
Bandwidth,Rows,Columns,NonZeros
0.859921,1388,390,11816
38.323539,1388,390,11816
48.117333,1388,390,11816
42.456471,1388,390,11816
