TheRowsAre,Legend,Cusparse,Global,Shared,MySparse
Bandwidth,Rows,Columns,NonZeros
0.334853,1138,1138,2596
91.684529,1138,1138,2596
90.880279,1138,1138,2596
60.586851,1138,1138,2596
