TheRowsAre,Legend,Cusparse,Global,Shared,MySparse
Bandwidth,Rows,Columns,NonZeros
1056.704561,11999,11999,53988
6507.390080,11999,11999,53988
6657.850023,11999,11999,53988
1674.139546,11999,11999,53988
