TheRowsAre,Legend,Cusparse,Global,Shared,MySparse
Bandwidth,Rows,Columns,NonZeros
196.494323,11445,11445,93781
6274.875239,11445,11445,93781
6849.047020,11445,11445,93781
1587.733589,11445,11445,93781
