TheRowsAre,Legend,Cusparse,Global,Shared,MySparse
Bandwidth,Rows,Columns,NonZeros
156.139359,5041,5041,88472
1563.795750,5041,5041,88472
1473.140895,5041,5041,88472
592.692281,5041,5041,88472
