TheRowsAre,Legend,Cusparse,Global,Shared,MySparse
Bandwidth,Rows,Columns,NonZeros
24.378742,1668,1668,6209
214.017233,1668,1668,6209
261.856377,1668,1668,6209
138.247152,1668,1668,6209
