TheRowsAre,Legend,Cusparse,Global,Shared,MySparse
Bandwidth,Rows,Columns,NonZeros
4.020947,1388,390,11816
40.097778,1388,390,11816
49.776552,1388,390,11816
44.189389,1388,390,11816
