TheRowsAre,Legend,Cusparse,Global,Shared,MySparse
Bandwidth,Rows,Columns,NonZeros
4626.318236,30237,30237,740200
29853.915368,30237,30237,740200
27291.825592,30237,30237,740200
4565.673825,30237,30237,740200
