TheRowsAre,Legend,Cusparse,Global,Shared,MySparse
Bandwidth,Rows,Columns,NonZeros
11.151986,1282,1282,15963
117.394570,1282,1282,15963
144.485624,1282,1282,15963
72.641946,1282,1282,15963
