TheRowsAre,Legend,Cusparse,Global,Shared,MySparse
Bandwidth,Rows,Columns,NonZeros
1.921688,1282,1282,15963
115.335015,1282,1282,15963
154.684612,1282,1282,15963
82.176202,1282,1282,15963
