TheRowsAre,Legend,Cusparse,Global,Shared,MySparse
Bandwidth,Rows,Columns,NonZeros
15.253123,1282,1282,15963
122.880299,1282,1282,15963
152.885953,1282,1282,15963
68.838702,1282,1282,15963
