TheRowsAre,Legend,Cusparse,Global,Shared,MySparse
Bandwidth,Rows,Columns,NonZeros
1005.068074,11999,11999,53988
6938.602542,11999,11999,53988
7336.356635,11999,11999,53988
1523.555578,11999,11999,53988
