TheRowsAre,Legend,Cusparse,Global,Shared,MySparse
Bandwidth,Rows,Columns,NonZeros
154.010183,5041,5041,88472
1135.717618,5041,5041,88472
1613.440076,5041,5041,88472
457.868121,5041,5041,88472
