TheRowsAre,Legend,Cusparse,Global,Shared,MySparse
Bandwidth,Rows,Columns,NonZeros
144.854817,10974,10974,219812
5838.965935,10974,10974,219812
6644.340829,10974,10974,219812
1503.010017,10974,10974,219812
