TheRowsAre,Legend,Cusparse,Global,Shared,MySparse
Bandwidth,Rows,Columns,NonZeros
4.030019,1668,1668,6209
200.520646,1668,1668,6209
252.929453,1668,1668,6209
136.550868,1668,1668,6209
