InOrder,Legend,Cusparse,Global,Shared,Sparse
Bandwidth,Rows,Columns,NonZeros
1204.487602,11445,11445,93781
6674.548950,11445,11445,93781
12044.875814,11445,11445,93781
339.347215,11445,11445,93781
