TheRowsAre,Legend,Cusparse,Global,Shared,MySparse
Bandwidth,Rows,Columns,NonZeros
0.256368,1138,1138,2596
95.049100,1138,1138,2596
90.090015,1138,1138,2596
58.533064,1138,1138,2596
