InOrder,Legend,Cusparse,Global,Shared,Sparse
Bandwidth,Rows,Columns,NonZeros
637.188767,10974,10974,219812
5536.950598,10974,10974,219812
12351.659504,10974,10974,219812
313.922900,10974,10974,219812
