InOrder,Legend,Cusparse,Global,Shared,Sparse
Bandwidth,Rows,Columns,NonZeros
246.416302,5041,5041,88472
1402.023797,5041,5041,88472
2541.168164,5041,5041,88472
130.066183,5041,5041,88472
