InOrder,Legend,Cusparse,Global,Shared,Sparse
Bandwidth,Rows,Columns,NonZeros
38.375504,1668,1668,6209
125.043774,1668,1668,6209
222.577926,1668,1668,6209
22.642717,1668,1668,6209
