TheRowsAre,Legend,Cusparse,Global,Shared,MySparse
Bandwidth,Rows,Columns,NonZeros
259.124406,11999,11999,53988
7109.926123,11999,11999,53988
7289.924319,11999,11999,53988
1586.512411,11999,11999,53988
