TheRowsAre,Legend,Cusparse,Global,Shared,MySparse
Bandwidth,Rows,Columns,NonZeros
0.380868,11999,11999,53988
2.666074,11999,11999,53988
2.716377,11999,11999,53988
0.572058,11999,11999,53988
