TheRowsAre,Legend,Cusparse,Global,Shared,MySparse
Bandwidth,Rows,Columns,NonZeros
781.370187,10974,10974,219812
5601.333767,10974,10974,219812
7769.592105,10974,10974,219812
1392.239085,10974,10974,219812
