TheRowsAre,Legend,Cusparse,Global,Shared,MySparse
Bandwidth,Rows,Columns,NonZeros
39.413230,5041,5041,88472
1588.230067,5041,5041,88472
1917.862726,5041,5041,88472
605.040029,5041,5041,88472
