InOrder,Legend,Cusparse,Global,Shared,Sparse
Bandwidth,Rows,Columns,NonZeros
19.978007,1690,860,18391
76.494740,1690,860,18391
113.992159,1690,860,18391
24.686199,1690,860,18391
